En_Fed,Cent_Just,Period,Tot_Cent,Tot_Mujer,Pareja,Expareja,Novio,Novia,Padre,Madre,Abuelo,Abuela,Pariente distinto a la pareja,Amigo,Amiga,Desconocido,Maestro/Autoridad escolar M,Maestra/Autoridad escolar F,Compa_esc_M,Comp_esc_F,Jefe,Jefa,Comp_trab_F,Comp_trab_M,Servidora_pub,Servidor_pub,Otro(s)1,No especificado
Estados Unidos Mexicanos,Total,2019,47,  371 346,  104 117,  53 989,  7 872,118,  7 608,  4 144,  1 066,130,  11 491,  2 695,10,  7 164,331,12,83,13,507,3,153,  2 022,3,310,  14 946,  152 559
Estados Unidos Mexicanos,Total,2020,50,  357 305,  110 125,  56 604,  5 994,177,  6 439,  2 538,  1 285,118,  13 459,  2 217,41,  6 428,214,138,57,8,617,11,167,  1 775,13,508,  12 768,  135 604
Estados Unidos Mexicanos,Total,Al 30 de junio de 2021,53,  266 673,  91 838,  50 310,  3 948,277,  3 926,  1 545,661,40,  9 832,  2 084,22,  5 451,193,138,35,1,532,9,220,  1 632,7,383,  8 462,  85 127
 Aguascalientes,"Aguascalientes,Aguascalientes",2019,1,  6 580,  2 301,  1 546,90,0,286,71,13,3,857,186,6,282,10,3,25,3,22,0,14,2,0,1,0,859
 Aguascalientes,"Aguascalientes,Aguascalientes",2020,1,  6 520,  2 426,  1 439,91,0,282,116,27,4,736,202,14,380,12,3,4,3,19,0,3,7,1,7,0,744
 Aguascalientes,"Aguascalientes,Aguascalientes",Al 30 de junio de 2021,1,  4 356,  1 390,811,12,0,197,72,15,2,500,151,19,302,8,0,1,1,7,0,8,0,0,2,0,858
 Baja California,"Tijuana,Baja California",2019,0,NA,NA,NA,NA,NA,NA,NA,NA,NA,NA,NA,NA,NA,NA,NA,NA,NA,NA,NA,NA,NA,NA,NA,NA,NA
 Baja California,"Tijuana,Baja California",2020,0,NA,NA,NA,NA,NA,NA,NA,NA,NA,NA,NA,NA,NA,NA,NA,NA,NA,NA,NA,NA,NA,NA,NA,NA,NA
 Baja California,"Tijuana,Baja California",Al 30 de junio de 2021,1,92,35,32,3,0,0,0,0,0,0,0,0,0,0,0,0,0,0,0,0,0,0,0,0,22
 Baja California,"La Paz,Baja California Sur",2019,1,  2 994,ND,ND,ND,ND,ND,ND,ND,ND,ND,ND,ND,ND,ND,ND,ND,ND,ND,ND,ND,ND,ND,ND,ND,  2 994
 Baja California,"La Paz,Baja California Sur",2020,1,  1 068,ND,ND,ND,ND,ND,ND,ND,ND,ND,ND,ND,ND,ND,ND,ND,ND,ND,ND,ND,ND,ND,ND,ND,  1 068
 Baja California,"La Paz,Baja California Sur",Al 30 de junio de 2021,1,783,ND,ND,ND,ND,ND,ND,ND,ND,ND,ND,ND,ND,ND,ND,ND,ND,ND,ND,ND,ND,ND,ND,ND,783
 Campeche,"Campeche,Campeche",2019,1,  7 547,  3 514,  1 509,748,0,0,0,0,0,0,750,0,  1 026,0,0,0,0,0,0,0,0,0,0,0,0
 Campeche,"Campeche,Campeche",2020,1,  3 279,  1 279,850,185,0,0,0,0,0,0,310,0,655,0,0,0,0,0,0,0,0,0,0,0,0
 Campeche,"Campeche,Campeche",Al 30 de junio de 2021,1,  1 427,571,331,110,0,0,0,0,0,0,130,0,285,0,0,0,0,0,0,0,0,0,0,0,0
 Campeche,"Carmen,Campeche",2019,1,  7 289,982,647,3,0,11,7,6,0,61,6,0,0,0,0,1,0,1,0,0,1,0,0,37,  5 526
 Campeche,"Carmen,Campeche",2020,1,  2 845,585,354,11,0,22,15,3,0,117,2,0,0,0,0,0,0,2,0,0,6,0,0,10,  1 718
 Campeche,"Carmen,Campeche",Al 30 de junio de 2021,1,  2 404,361,272,8,0,18,8,3,0,90,4,0,0,1,0,0,0,3,0,0,4,0,0,13,  1 619
 Coahuila de Zaragoza,"Acuña,Coahuila de Zaragoza",2019,1,  7 268,  1 699,  4 148,33,0,0,0,0,0,722,163,0,163,0,9,0,0,0,0,0,0,0,0,331,0
 Coahuila de Zaragoza,"Acuña,Coahuila de Zaragoza",2020,1,  8 960,  2 095,  5 114,40,0,0,0,0,0,890,201,0,201,0,11,0,0,0,0,0,0,0,0,408,0
 Coahuila de Zaragoza,"Acuña,Coahuila de Zaragoza",Al 30 de junio de 2021,1,  9 896,  2 314,  5 649,44,0,0,0,0,0,983,234,0,212,0,10,0,0,0,0,0,0,0,0,450,0
 Coahuila de Zaragoza,"Frontera,Coahuila de Zaragoza",2019,1,  8 442,  5 223,  2 093,126,ND,0,0,0,ND,472,121,ND,173,33,ND,0,ND,19,ND,ND,14,0,0,168,0
 Coahuila de Zaragoza,"Frontera,Coahuila de Zaragoza",2020,1,  10 248,  6 340,  2 541,153,ND,0,0,0,ND,573,147,ND,210,40,ND,0,ND,23,ND,ND,17,0,0,204,0
 Coahuila de Zaragoza,"Frontera,Coahuila de Zaragoza",Al 30 de junio de 2021,1,  11 240,  6 954,  2 787,168,ND,0,0,0,ND,628,162,ND,230,44,ND,0,ND,25,ND,ND,19,0,0,223,0
 Coahuila de Zaragoza,"Matamoros,Coahuila de Zaragoza",2019,1,  4 232,  2 562,  1 258,13,0,0,0,0,0,114,40,0,40,11,0,0,0,0,0,0,0,0,0,0,194
 Coahuila de Zaragoza,"Matamoros,Coahuila de Zaragoza",2020,1,  4 913,  2 974,  1 461,13,0,0,0,0,0,133,52,0,41,13,0,0,0,0,0,0,0,0,0,0,226
 Coahuila de Zaragoza,"Matamoros,Coahuila de Zaragoza",Al 30 de junio de 2021,1,  5 294,  3 205,  1 574,15,0,0,0,0,0,143,50,0,50,14,0,0,0,0,0,0,0,0,0,0,243
 Coahuila de Zaragoza,"Saltillo,Coahuila de Zaragoza",2019,1,  36 115,  24 313,  9 573,212,ND,ND,ND,ND,ND,661,194,ND,335,44,ND,ND,ND,150,ND,132,ND,ND,ND,0,501
 Coahuila de Zaragoza,"Saltillo,Coahuila de Zaragoza",2020,1,  40 566,  27 348,  10 753,238,ND,ND,ND,ND,ND,743,218,ND,376,50,ND,ND,ND,168,ND,149,ND,ND,ND,0,523
 Coahuila de Zaragoza,"Saltillo,Coahuila de Zaragoza",Al 30 de junio de 2021,1,  42 590,  28 712,  11 289,249,ND,ND,ND,ND,ND,780,229,ND,395,52,ND,ND,ND,177,ND,156,ND,ND,ND,0,551
 Coahuila de Zaragoza,"Torreón,Coahuila de Zaragoza",2019,1,  25 853,  12 472,  9 849,52,0,0,0,0,0,  1 341,671,0,255,110,0,0,0,144,0,0,68,0,0,891,0
 Coahuila de Zaragoza,"Torreón,Coahuila de Zaragoza",2020,1,  28 665,  13 838,  10 920,39,0,0,0,0,0,  1 487,744,0,282,0,122,0,0,160,0,0,75,0,0,988,10
 Coahuila de Zaragoza,"Torreón,Coahuila de Zaragoza",Al 30 de junio de 2021,1,  30 055,  14 499,  11 450,59,0,0,0,0,0,  1 560,780,0,296,0,128,0,0,168,0,0,79,0,0,  1 036,0
 Colima,"Colima,Colima",2019,1,  21 329,ND,ND,ND,ND,ND,ND,ND,ND,ND,ND,ND,ND,ND,ND,ND,ND,ND,ND,ND,ND,ND,ND,ND,  21 329
 Colima,"Colima,Colima",2020,1,  20 084,ND,ND,ND,ND,ND,ND,ND,ND,ND,ND,ND,ND,ND,ND,ND,ND,ND,ND,ND,ND,ND,ND,ND,  20 084
 Colima,"Colima,Colima",Al 30 de junio de 2021,1,  9 583,ND,ND,ND,ND,ND,ND,ND,ND,ND,ND,ND,ND,ND,ND,ND,ND,ND,ND,ND,ND,ND,ND,ND,  9 583
 Chiapas,"San Cristóbal de las Casas,Chiapas",2019,0,NA,NA,NA,NA,NA,NA,NA,NA,NA,NA,NA,NA,NA,NA,NA,NA,NA,NA,NA,NA,NA,NA,NA,NA,NA
 Chiapas,"San Cristóbal de las Casas,Chiapas",2020,0,NA,NA,NA,NA,NA,NA,NA,NA,NA,NA,NA,NA,NA,NA,NA,NA,NA,NA,NA,NA,NA,NA,NA,NA,NA
 Chiapas,"San Cristóbal de las Casas,Chiapas",Al 30 de junio de 2021,0,NA,NA,NA,NA,NA,NA,NA,NA,NA,NA,NA,NA,NA,NA,NA,NA,NA,NA,NA,NA,NA,NA,NA,NA,NA
 Chiapas,"Tapachula,Chiapas",2019,0,NA,NA,NA,NA,NA,NA,NA,NA,NA,NA,NA,NA,NA,NA,NA,NA,NA,NA,NA,NA,NA,NA,NA,NA,NA
 Chiapas,"Tapachula,Chiapas",2020,1,885,365,274,60,0,35,21,5,7,6,4,0,86,3,2,5,0,3,2,2,1,0,4,0,0
 Chiapas,"Tapachula,Chiapas",Al 30 de junio de 2021,1,  2 557,  1 232,541,127,0,160,42,12,5,17,28,0,129,4,0,3,0,7,1,1,3,0,2,0,243
 Chiapas,"Tuxtla Gutiérrez,Chiapas",2019,1,  3 945,786,458,17,0,42,3,0,0,96,8,0,40,0,0,0,0,9,0,0,0,0,0,0,  2 486
 Chiapas,"Tuxtla Gutiérrez,Chiapas",2020,1,  3 389,975,299,0,95,0,95,0,6,0,0,0,0,0,0,0,0,0,0,0,0,0,0,0,  1 919
 Chiapas,"Tuxtla Gutiérrez,Chiapas",Al 30 de junio de 2021,1,  3 962,321,220,0,224,0,3,0,3,0,0,0,0,0,0,0,0,0,0,0,0,0,0,0,  3 191
 Chihuahua,"Chihuahua,Chihuahua",2019,1,  7 641,  2 737,  2 422,76,1,87,39,19,2,476,33,0,  1 295,0,0,0,0,0,0,0,0,0,0,454,0
 Chihuahua,"Chihuahua,Chihuahua",2020,1,  5 292,  1 804,  1 711,55,10,78,150,10,2,553,11,0,512,0,0,0,0,0,0,0,0,0,0,396,0
 Chihuahua,"Chihuahua,Chihuahua",Al 30 de junio de 2021,1,  3 706,  1 218,  1 161,51,15,74,34,11,1,288,49,0,413,0,0,0,0,0,0,0,0,0,0,391,0
 Chihuahua,"Juárez,Chihuahua",2019,1,  3 020,ND,ND,ND,ND,ND,ND,ND,ND,ND,ND,ND,ND,ND,ND,ND,ND,ND,ND,ND,ND,ND,ND,ND,  3 020
 Chihuahua,"Juárez,Chihuahua",2020,1,  9 877,ND,ND,ND,ND,ND,ND,ND,ND,ND,ND,ND,ND,ND,ND,ND,ND,ND,ND,ND,ND,ND,ND,ND,  9 877
 Chihuahua,"Juárez,Chihuahua",Al 30 de junio de 2021,1,  3 008,ND,ND,ND,ND,ND,ND,ND,ND,ND,ND,ND,ND,ND,ND,ND,ND,ND,ND,ND,ND,ND,ND,ND,  3 008
CDMX,"Azcapotzalco,Ciudad de México",2019,1,  11 334,  1 795,469,133,3,78,58,4,2,  1 253,10,1,5,0,0,7,1,10,2,6,14,0,1,  7 482,0
CDMX,"Azcapotzalco,Ciudad de México",2020,1,  8 497,  1 440,991,93,2,81,38,2,1,  1 077,4,6,8,1,0,0,1,17,2,13,1,0,0,  4 719,0
CDMX,"Azcapotzalco,Ciudad de México",Al 30 de junio de 2021,1,  3 571,526,370,37,0,24,16,0,0,458,6,1,2,0,0,2,0,0,0,0,12,0,0,  2 117,0
CDMX,"Iztapalapa,Ciudad de México",2019,1,  13 561,  2 090,  1 071,0,108,63,45,1,2,0,0,0,29,0,0,0,0,0,0,0,0,0,0,0,  10 152
CDMX,"Iztapalapa,Ciudad de México",2020,1,  9 750,  1 662,  1 350,0,57,2,2,0,0,0,0,0,0,0,0,0,0,0,0,0,0,0,0,0,  6 677
CDMX,"Iztapalapa,Ciudad de México",Al 30 de junio de 2021,1,  1 993,734,501,0,34,29,22,3,0,0,0,0,1,0,0,0,0,0,0,0,0,0,0,0,669
CDMX,"Tlalpan,Ciudad de México",2019,1,  4 223,  1 004,550,178,2,138,350,2,18,150,120,3,7,0,0,10,2,20,0,0,8,0,0,0,  1 661
CDMX,"Tlalpan,Ciudad de México",2020,1,  4 876,  1 895,306,180,0,196,374,7,13,600,30,20,50,8,0,18,4,50,7,0,30,0,0,0,  1 088
CDMX,"Tlalpan,Ciudad de México",Al 30 de junio de 2021,1,  3 022,  1 031,412,268,3,56,112,0,4,138,2,0,0,0,0,0,0,25,8,6,66,0,0,0,891
 Durango,"Durango,Durango",2019,1,  3 808,  2 094,  1 250,45,2,121,94,75,82,45,0,0,0,0,0,0,0,0,0,0,0,0,0,0,0
 Durango,"Durango,Durango",2020,1,  3 377,  1 752,841,52,1,109,90,72,69,51,0,0,0,0,0,0,0,0,0,0,0,0,0,0,340
 Durango,"Durango,Durango",Al 30 de junio de 2021,1,  1 924,934,521,20,0,42,21,19,21,10,0,0,0,0,0,0,0,0,0,0,0,0,0,0,336
 Guanajuato,"Irapuato,Guanajuato",2019,1,  5 566,  2 625,  1 417,530,0,111,0,14,0,454,0,0,3,0,0,4,0,4,0,0,1,0,0,403,0
 Guanajuato,"Irapuato,Guanajuato",2020,1,  6 441,  3 030,  1 458,496,0,151,0,9,0,594,0,0,3,1,0,0,0,5,0,0,3,0,0,691,0
 Guanajuato,"Irapuato,Guanajuato",Al 30 de junio de 2021,1,  3 615,  1 418,865,286,0,124,0,5,0,353,0,0,0,0,0,1,0,2,0,0,2,0,0,559,0
 Guerrero,"Chilpancingo de los Bravo,Guerrero",2019,1,  2 018,ND,ND,ND,ND,ND,ND,ND,ND,ND,ND,ND,ND,ND,ND,ND,ND,ND,ND,ND,ND,ND,ND,ND,  2 018
 Guerrero,"Chilpancingo de los Bravo,Guerrero",2020,1,  1 585,ND,ND,ND,ND,ND,ND,ND,ND,ND,ND,ND,ND,ND,ND,ND,ND,ND,ND,ND,ND,ND,ND,ND,  1 585
 Guerrero,"Chilpancingo de los Bravo,Guerrero",Al 30 de junio de 2021,1,  1 195,ND,ND,ND,ND,ND,ND,ND,ND,ND,ND,ND,ND,ND,ND,ND,ND,ND,ND,ND,ND,ND,ND,ND,  1 195
 Guerrero,"Tlapa de Comonfort,Guerrero",2019,1,284,82,25,15,0,53,36,6,6,40,10,0,0,1,0,2,0,1,0,0,0,0,0,7,0
 Guerrero,"Tlapa de Comonfort,Guerrero",2020,1,305,82,20,13,0,66,29,0,0,71,0,0,0,0,0,3,0,0,0,0,0,3,5,13,0
 Guerrero,"Tlapa de Comonfort,Guerrero",Al 30 de junio de 2021,1,139,25,14,10,0,44,15,0,0,16,7,0,0,1,0,3,0,0,0,0,1,0,2,1,0
 Hidalgo,"Pachuca de Soto,Hidalgo",2019,1,  3 515,735,334,21,0,13,0,0,0,0,1,0,1,0,0,0,0,2,0,0,2,0,0,0,  2 406
 Hidalgo,"Pachuca de Soto,Hidalgo",2020,1,  2 824,766,510,12,0,19,0,0,0,0,4,0,4,0,0,0,0,3,0,0,1,0,0,0,  1 505
 Hidalgo,"Pachuca de Soto,Hidalgo",Al 30 de junio de 2021,1,  1 714,497,490,2,0,7,0,0,0,0,2,0,4,0,0,0,0,1,0,0,0,0,0,0,711
 Jalisco,"Guadalajara,Jalisco",2019,1,  14 677,  7 845,  2 776,414,0,190,22,5,0,  1 414,ND,ND,  1 886,2,0,0,0,57,0,0,66,0,0,0,0
 Jalisco,"Guadalajara,Jalisco",2020,1,  14 920,  6 499,  3 572,395,0,230,31,10,0,  1 906,ND,ND,  2 062,0,0,0,0,100,0,0,115,0,0,0,0
 Jalisco,"Guadalajara,Jalisco",Al 30 de junio de 2021,1,  10 171,  2 429,  1 822,243,0,119,21,2,0,  1 631,ND,ND,  1 810,0,0,0,0,55,0,0,72,0,0,0,  1 967
 Jalisco,"Puerto Vallarta,Jalisco",2019,1,  1 351,561,562,20,ND,7,2,ND,ND,169,ND,ND,13,ND,ND,ND,ND,7,ND,ND,10,ND,ND,0,0
 Jalisco,"Puerto Vallarta,Jalisco",2020,1,  1 270,489,512,6,ND,15,2,ND,ND,205,ND,ND,27,ND,ND,ND,ND,1,ND,ND,13,ND,ND,0,0
 Jalisco,"Puerto Vallarta,Jalisco",Al 30 de junio de 2021,1,671,244,265,3,ND,6,1,ND,ND,114,ND,ND,31,ND,ND,ND,ND,3,ND,ND,4,ND,ND,0,0
 Mexico,"Amecameca,México",2019,1,  8 315,678,70,146,0,102,87,15,8,23,15,0,215,21,0,0,7,8,0,0,9,3,236,0,  6 672
 Mexico,"Amecameca,México",2020,1,  4 640,  1 056,489,269,10,478,102,336,11,14,8,0,87,5,0,0,0,15,0,0,28,9,456,0,  1 267
 Mexico,"Amecameca,México",Al 30 de junio de 2021,1,  5 436,  1 209,421,102,0,311,49,189,2,6,7,0,53,0,0,0,0,11,0,0,47,6,357,0,  2 666
 Mexico,"Cuautitlán,Mexico",2019,1,  9 462,  2 923,821,364,ND,  1 247,311,261,ND,ND,ND,ND,ND,55,ND,ND,ND,ND,ND,ND,ND,ND,ND,ND,  3 480
 Mexico,"Cuautitlán,Mexico",2020,1,  5 936,  2 648,799,ND,ND,996,248,227,ND,ND,ND,ND,ND,44,ND,ND,ND,ND,ND,ND,ND,ND,ND,ND,974
 Mexico,"Cuautitlán,Mexico",Al 30 de junio de 2021,1,  7 926,  2 224,714,297,ND,833,128,194,ND,ND,ND,ND,ND,39,ND,ND,ND,ND,ND,ND,ND,ND,ND,ND,  3 497
 Mexico,"Ecatepec de Morelos,Mexico",2019,1,  18 376,  12 368,  3 441,851,0,450,33,304,7,0,22,0,889,2,0,3,0,6,0,0,0,0,0,0,0
 Mexico,"Ecatepec de Morelos,Mexico",2020,1,  21 941,  15 720,  3 524,929,0,403,18,411,3,0,25,0,903,5,0,0,0,0,0,0,0,0,0,0,0
 Mexico,"Ecatepec de Morelos,Mexico",Al 30 de junio de 2021,1,  11 817,  7 330,  3 515,373,0,106,0,61,0,0,7,0,425,0,0,0,0,0,0,0,0,0,0,0,0
 Mexico,"Toluca,Mexico",2019,1,  29 037,  8 720,  5 452,  3 520,0,  4 552,  2 960,340,0,640,340,0,502,40,0,30,0,45,1,0,  1 823,0,72,0,0
 Mexico,"Toluca,Mexico",2020,1,  16 570,  4 868,  2 840,  1 750,0,  2 862,  1 130,120,0,340,160,0,440,30,0,25,0,35,0,0,  1 438,0,32,0,500
 Mexico,"Toluca,Mexico",Al 30 de junio de 2021,1,  11 162,  3 720,  1 780,  1 150,0,  1 250,880,70,0,350,98,0,480,25,0,22,0,25,0,0,  1 297,0,15,0,0
 Michoacan de Ocampo,"Morelia,Michoacan de Ocampo",2019,1,  6 213,  2 032,  1 616,226,0,27,0,1,0,  2 298,2,0,3,1,0,1,0,2,0,0,4,0,0,0,0
 Michoacan de Ocampo,"Morelia,Michoacan de Ocampo",2020,1,  10 805,  4 896,  2 232,857,0,208,0,6,0,  2 596,2,0,0,1,0,1,0,2,0,0,4,0,0,0,0
 Michoacan de Ocampo,"Morelia,Michoacan de Ocampo",Al 30 de junio de 2021,1,  6 642,  5 124,664,215,0,121,0,8,0,506,2,0,0,0,0,1,0,0,0,0,1,0,0,0,0
 Morelos,"Cuernavaca,Morelos",2019,1,  7 957,  1 115,413,38,2,23,20,0,0,171,3,0,1,0,0,0,0,0,0,1,0,0,0,0,  6 170
 Morelos,"Cuernavaca,Morelos",2020,1,  7 619,  1 186,643,18,0,24,16,0,1,198,0,0,1,0,0,0,0,0,0,0,1,0,0,0,  5 531
 Morelos,"Cuernavaca,Morelos",Al 30 de junio de 2021,1,  4 392,  1 082,229,20,0,16,5,0,0,97,1,0,4,0,0,0,0,0,0,0,0,0,0,0,  2 938
 Morelos,"Yautepec,Morelos",2019,1,  2 140,162,42,1,0,6,6,0,0,32,0,0,1,0,0,0,0,0,0,0,0,0,0,11,  1 879
 Morelos,"Yautepec,Morelos",2020,1,  1 771,227,14,12,0,1,12,0,1,26,0,0,0,0,0,0,0,0,0,0,0,0,0,3,  1 475
 Morelos,"Yautepec,Morelos",Al 30 de junio de 2021,1,921,57,0,1,0,0,2,0,0,10,0,0,0,0,0,0,0,0,0,0,0,0,0,0,851
 Nayarit,"Bahía de Banderas,Nayarit",2019,1,  2 120,ND,ND,ND,ND,ND,ND,ND,ND,ND,ND,ND,ND,ND,ND,ND,ND,ND,ND,ND,ND,ND,ND,ND,  2 120
 Nayarit,"Bahía de Banderas,Nayarit",2020,1,  5 004,ND,ND,ND,ND,ND,ND,ND,ND,ND,ND,ND,ND,ND,ND,ND,ND,ND,ND,ND,ND,ND,ND,ND,  5 004
 Nayarit,"Bahía de Banderas,Nayarit",Al 30 de junio de 2021,1,  2 337,ND,ND,ND,ND,ND,ND,ND,ND,ND,ND,ND,ND,ND,ND,ND,ND,ND,ND,ND,ND,ND,ND,ND,  2 337
 Nayarit,"Tepic,Nayarit",2019,1,  10 572,ND,ND,ND,ND,ND,ND,ND,ND,ND,ND,ND,ND,ND,ND,ND,ND,ND,ND,ND,ND,ND,ND,ND,  10 572
 Nayarit,"Tepic,Nayarit",2020,1,  7 371,ND,ND,ND,ND,ND,ND,ND,ND,ND,ND,ND,ND,ND,ND,ND,ND,ND,ND,ND,ND,ND,ND,ND,  7 371
 Nayarit,"Tepic,Nayarit",Al 30 de junio de 2021,1,  4 198,ND,ND,ND,ND,ND,ND,ND,ND,ND,ND,ND,ND,ND,ND,ND,ND,ND,ND,ND,ND,ND,ND,ND,  4 198
 Nuevo León,"Monterrey,Nuevo León",2019,0,NA,NA,NA,NA,NA,NA,NA,NA,NA,NA,NA,NA,NA,NA,NA,NA,NA,NA,NA,NA,NA,NA,NA,NA,NA
 Nuevo León,"Monterrey,Nuevo León",2020,1,  2 520,644,587,12,2,172,49,40,0,460,50,1,89,1,0,0,0,13,0,0,32,0,3,365,0
 Nuevo León,"Monterrey,Nuevo León",Al 30 de junio de 2021,1,  6 295,  1 821,  1 450,59,0,375,114,69,2,  1 103,117,2,314,5,0,0,0,22,0,49,23,1,4,765,0
 Oaxaca,"Juchitán de Zaragoza,Oaxaca",2019,0,NA,NA,NA,NA,NA,NA,NA,NA,NA,NA,NA,NA,NA,NA,NA,NA,NA,NA,NA,NA,NA,NA,NA,NA,NA
 Oaxaca,"Juchitán de Zaragoza,Oaxaca",2020,0,NA,NA,NA,NA,NA,NA,NA,NA,NA,NA,NA,NA,NA,NA,NA,NA,NA,NA,NA,NA,NA,NA,NA,NA,NA
 Oaxaca,"Juchitán de Zaragoza,Oaxaca",Al 30 de junio de 2021,1,138,ND,ND,ND,ND,ND,ND,ND,ND,ND,ND,ND,ND,ND,ND,ND,ND,ND,ND,ND,ND,ND,ND,138,0
 Oaxaca,"Oaxaca de Juárez,Oaxaca",2019,1,  6 661,ND,ND,ND,ND,ND,ND,ND,ND,ND,ND,ND,ND,ND,ND,ND,ND,ND,ND,ND,ND,ND,ND,0,  6 661
 Oaxaca,"Oaxaca de Juárez,Oaxaca",2020,1,  4 640,ND,ND,ND,ND,ND,ND,ND,ND,ND,ND,ND,ND,ND,ND,ND,ND,ND,ND,ND,ND,ND,ND,0,  4 640
 Oaxaca,"Oaxaca de Juárez,Oaxaca",Al 30 de junio de 2021,1,  3 699,ND,ND,ND,ND,ND,ND,ND,ND,ND,ND,ND,ND,ND,ND,ND,ND,ND,ND,ND,ND,ND,ND,0,  3 699
 Puebla,"Puebla,Puebla",2019,1,  1 778,ND,ND,ND,ND,ND,ND,ND,ND,ND,ND,ND,ND,ND,ND,ND,ND,ND,ND,ND,ND,ND,ND,0,  1 778
 Puebla,"Puebla,Puebla",2020,1,  1 628,ND,ND,ND,ND,ND,ND,ND,ND,ND,ND,ND,ND,ND,ND,ND,ND,ND,ND,ND,ND,ND,ND,0,  1 628
 Puebla,"Puebla,Puebla",Al 30 de junio de 2021,1,  1 112,ND,ND,ND,ND,ND,ND,ND,ND,ND,ND,ND,ND,ND,ND,ND,ND,ND,ND,ND,ND,ND,ND,0,  1 112
 Puebla,"Tehuacán,Puebla",2019,1,  1 358,ND,ND,ND,ND,ND,ND,ND,ND,ND,ND,ND,ND,ND,ND,ND,ND,ND,ND,ND,ND,ND,ND,  1 358,0
 Puebla,"Tehuacán,Puebla",2020,1,  1 309,ND,ND,ND,ND,ND,ND,ND,ND,ND,ND,ND,ND,ND,ND,ND,ND,ND,ND,ND,ND,ND,ND,  1 309,0
 Puebla,"Tehuacán,Puebla",Al 30 de junio de 2021,1,719,ND,ND,ND,ND,ND,ND,ND,ND,ND,ND,ND,ND,ND,ND,ND,ND,ND,ND,ND,ND,ND,ND,719,0
 Querétaro,"Querétaro,Querétaro",2019,1,  32 798,ND,ND,ND,ND,ND,ND,ND,ND,ND,ND,ND,ND,ND,ND,ND,ND,ND,ND,ND,ND,ND,ND,ND,  32 798
 Querétaro,"Querétaro,Querétaro",2020,1,  36 958,ND,ND,ND,ND,ND,ND,ND,ND,ND,ND,ND,ND,ND,ND,ND,ND,ND,ND,ND,ND,ND,ND,ND,  36 958
 Querétaro,"Querétaro,Querétaro",Al 30 de junio de 2021,1,  18 642,ND,ND,ND,ND,ND,ND,ND,ND,ND,ND,ND,ND,ND,ND,ND,ND,ND,ND,ND,ND,ND,ND,ND,  18 642
 Quintana Roo,"Cancún,Quintana Roo",2019,1,  3 305,ND,ND,ND,ND,ND,ND,ND,ND,ND,ND,ND,ND,ND,ND,ND,ND,ND,ND,ND,ND,ND,ND,0,  3 305
 Quintana Roo,"Cancún,Quintana Roo",2020,1,  4 479,ND,ND,ND,ND,ND,ND,ND,ND,ND,ND,ND,ND,ND,ND,ND,ND,ND,ND,ND,ND,ND,ND,0,  4 479
 Quintana Roo,"Cancún,Quintana Roo",Al 30 de junio de 2021,1,  5 384,ND,ND,ND,ND,ND,ND,ND,ND,ND,ND,ND,ND,ND,ND,ND,ND,ND,ND,ND,ND,ND,ND,0,  5 384
 San Luis Potosí,"Matehuala,San Luis Potosí",2019,1,299,ND,ND,ND,ND,ND,ND,ND,ND,ND,ND,ND,ND,ND,ND,ND,ND,ND,ND,ND,ND,ND,ND,0,299
 San Luis Potosí,"Matehuala,San Luis Potosí",2020,1,687,ND,ND,ND,ND,ND,ND,ND,ND,ND,ND,ND,ND,ND,ND,ND,ND,ND,ND,ND,ND,ND,ND,0,687
 San Luis Potosí,"Matehuala,San Luis Potosí",Al 30 de junio de 2021,1,480,ND,ND,ND,ND,ND,ND,ND,ND,ND,ND,ND,ND,ND,ND,ND,ND,ND,ND,ND,ND,ND,ND,0,480
 San Luis Potosí,"Matlapa,San Luis Potosí",2019,1,565,ND,ND,ND,ND,ND,ND,ND,ND,ND,ND,ND,ND,ND,ND,ND,ND,ND,ND,ND,ND,ND,ND,0,565
 San Luis Potosí,"Matlapa,San Luis Potosí",2020,1,500,ND,ND,ND,ND,ND,ND,ND,ND,ND,ND,ND,ND,ND,ND,ND,ND,ND,ND,ND,ND,ND,ND,0,500
 San Luis Potosí,"Matlapa,San Luis Potosí",Al 30 de junio de 2021,1,372,ND,ND,ND,ND,ND,ND,ND,ND,ND,ND,ND,ND,ND,ND,ND,ND,ND,ND,ND,ND,ND,ND,0,372
 San Luis Potosí,"Rioverde,San Luis Potosí",2019,1,766,ND,ND,ND,ND,ND,ND,ND,ND,ND,ND,ND,ND,ND,ND,ND,ND,ND,ND,ND,ND,ND,ND,0,766
 San Luis Potosí,"Rioverde,San Luis Potosí",2020,1,638,ND,ND,ND,ND,ND,ND,ND,ND,ND,ND,ND,ND,ND,ND,ND,ND,ND,ND,ND,ND,ND,ND,0,638
 San Luis Potosí,"Rioverde,San Luis Potosí",Al 30 de junio de 2021,1,375,ND,ND,ND,ND,ND,ND,ND,ND,ND,ND,ND,ND,ND,ND,ND,ND,ND,ND,ND,ND,ND,ND,0,375
 San Luis Potosí,"San Luis Potosí,San Luis Potosí",2019,1,  4 156,ND,ND,ND,ND,ND,ND,ND,ND,ND,ND,ND,ND,ND,ND,ND,ND,ND,ND,ND,ND,ND,ND,0,  4 156
 San Luis Potosí,"San Luis Potosí,San Luis Potosí",2020,1,  2 841,ND,ND,ND,ND,ND,ND,ND,ND,ND,ND,ND,ND,ND,ND,ND,ND,ND,ND,ND,ND,ND,ND,0,  2 841
 San Luis Potosí,"San Luis Potosí,San Luis Potosí",Al 30 de junio de 2021,1,  1 340,ND,ND,ND,ND,ND,ND,ND,ND,ND,ND,ND,ND,ND,ND,ND,ND,ND,ND,ND,ND,ND,ND,0,  1 340
 Sinaloa,"Culiacán,Sinaloa",2019,1,  1 698,693,177,ND,ND,ND,ND,ND,ND,ND,ND,ND,ND,ND,ND,ND,ND,ND,ND,ND,ND,ND,ND,0,828
 Sinaloa,"Culiacán,Sinaloa",2020,1,  1 193,891,185,ND,ND,ND,ND,ND,ND,ND,ND,ND,ND,ND,ND,ND,ND,ND,ND,ND,ND,ND,ND,0,117
 Sinaloa,"Culiacán,Sinaloa",Al 30 de junio de 2021,1,699,254,128,ND,ND,ND,ND,ND,ND,ND,ND,ND,ND,ND,ND,ND,ND,ND,ND,ND,ND,ND,ND,0,317
 Sonora,"Cajeme,Sonora",2019,1,  6 397,ND,ND,ND,ND,ND,ND,ND,ND,ND,ND,ND,ND,ND,ND,ND,ND,ND,ND,ND,ND,ND,ND,0,  6 397
 Sonora,"Cajeme,Sonora",2020,1,  4 938,ND,ND,ND,ND,ND,ND,ND,ND,ND,ND,ND,ND,ND,ND,ND,ND,ND,ND,ND,ND,ND,ND,0,  4 938
 Sonora,"Cajeme,Sonora",Al 30 de junio de 2021,1,  4 040,ND,ND,ND,ND,ND,ND,ND,ND,ND,ND,ND,ND,ND,ND,ND,ND,ND,ND,ND,ND,ND,ND,0,  4 040
 Sonora,"Hermosillo,Sonora",2019,0,NA,NA,NA,NA,NA,NA,NA,NA,NA,NA,NA,NA,NA,NA,NA,NA,NA,NA,NA,NA,NA,NA,NA,NA,NA
 Sonora,"Hermosillo,Sonora",2020,1,ND,ND,ND,ND,ND,ND,ND,ND,ND,ND,ND,ND,ND,ND,ND,ND,ND,ND,ND,ND,ND,ND,ND,ND,ND
 Sonora,"Hermosillo,Sonora",Al 30 de junio de 2021,1,ND,ND,ND,ND,ND,ND,ND,ND,ND,ND,ND,ND,ND,ND,ND,ND,ND,ND,ND,ND,ND,ND,ND,ND,ND
 Tamaulipas,"Reynosa,Tamaulipas",2019,0,NA,NA,NA,NA,NA,NA,NA,NA,NA,NA,NA,NA,NA,NA,NA,NA,NA,NA,NA,NA,NA,NA,NA,NA,NA
 Tamaulipas,"Reynosa,Tamaulipas",2020,0,NA,NA,NA,NA,NA,NA,NA,NA,NA,NA,NA,NA,NA,NA,NA,NA,NA,NA,NA,NA,NA,NA,NA,NA,NA
 Tamaulipas,"Reynosa,Tamaulipas",Al 30 de junio de 2021,0,NA,NA,NA,NA,NA,NA,NA,NA,NA,NA,NA,NA,NA,NA,NA,NA,NA,NA,NA,NA,NA,NA,NA,NA,NA
 Tlaxcala,"Tlaxcala,Tlaxcala",2019,1,  2 453,ND,ND,ND,ND,ND,ND,ND,ND,ND,ND,ND,ND,ND,ND,ND,ND,ND,ND,ND,ND,ND,ND,0,  2 453
 Tlaxcala,"Tlaxcala,Tlaxcala",2020,1,  2 525,ND,ND,ND,ND,ND,ND,ND,ND,ND,ND,ND,ND,ND,ND,ND,ND,ND,ND,ND,ND,ND,ND,0,  2 525
 Tlaxcala,"Tlaxcala,Tlaxcala",Al 30 de junio de 2021,1,  2 202,ND,ND,ND,ND,ND,ND,ND,ND,ND,ND,ND,ND,ND,ND,ND,ND,ND,ND,ND,ND,ND,ND,0,  2 202
 Veracruz de Ignacio de la llave,"Xalapa,Veracruz de Ignacio de la llave",2019,1,12,6,0,0,0,1,ND,0,ND,2,0,ND,0,1,ND,0,ND,0,ND,ND,0,ND,0,0,2
 Veracruz de Ignacio de la llave,"Xalapa,Veracruz de Ignacio de la llave",2020,1,616,345,15,15,0,9,ND,0,ND,83,43,ND,11,0,ND,1,ND,1,ND,ND,3,ND,1,15,74
 Veracruz de Ignacio de la llave,"Xalapa,Veracruz de Ignacio de la llave",Al 30 de junio de 2021,1,561,367,32,16,1,14,ND,0,ND,51,18,ND,15,0,ND,2,ND,1,ND,ND,2,ND,1,30,11
 Yucatán,"Mérida,Yucatán",2019,1,  8 512,ND,ND,ND,ND,ND,ND,ND,ND,ND,ND,ND,ND,ND,ND,ND,ND,ND,ND,ND,ND,ND,ND,0,  8 512
 Yucatán,"Mérida,Yucatán",2020,1,  6 093,ND,ND,ND,ND,ND,ND,ND,ND,ND,ND,ND,ND,ND,ND,ND,ND,ND,ND,ND,ND,ND,ND,0,  6 093
 Yucatán,"Mérida,Yucatán",Al 30 de junio de 2021,1,  3 959,ND,ND,ND,ND,ND,ND,ND,ND,ND,ND,ND,ND,ND,ND,ND,ND,ND,ND,ND,ND,ND,ND,0,  3 959
 Zacatecas,"Fresnillo,Zacatecas",2019,0,NA,NA,NA,NA,NA,NA,NA,NA,NA,NA,NA,NA,NA,NA,NA,NA,NA,NA,NA,NA,NA,NA,NA,NA,NA
 Zacatecas,"Fresnillo,Zacatecas",2020,0,NA,NA,NA,NA,NA,NA,NA,NA,NA,NA,NA,NA,NA,NA,NA,NA,NA,NA,NA,NA,NA,NA,NA,NA,NA
 Zacatecas,"Fresnillo,Zacatecas",Al 30 de junio de 2021,1,837,ND,ND,ND,ND,ND,ND,ND,ND,ND,ND,ND,ND,ND,ND,ND,ND,ND,ND,ND,ND,ND,ND,NA,837
 Zacatecas,"Zacatecas,Zacatecas",2019,1,  3 804,ND,ND,ND,ND,ND,ND,ND,ND,ND,ND,ND,ND,ND,ND,ND,ND,ND,ND,ND,ND,ND,ND,  3 804,0
 Zacatecas,"Zacatecas,Zacatecas",2020,1,  3 647,ND,ND,ND,ND,ND,ND,ND,ND,ND,ND,ND,ND,ND,ND,ND,ND,ND,ND,ND,ND,ND,ND,  3 647,0
 Zacatecas,"Zacatecas,Zacatecas",Al 30 de junio de 2021,1,  2 020,ND,ND,ND,ND,ND,ND,ND,ND,ND,ND,ND,ND,ND,ND,ND,ND,ND,ND,ND,ND,ND,ND,  2 020,0
